image file,label
101837.jpg,M
102480.jpg,M
105295.jpg,N
107574.jpg,M
113739.jpg,N
11652.jpg,M
116761.jpg,M
123047.jpg,M
132435.jpg,N
134255.jpg,M
137588.jpg,M
138783.jpg,M
13892.jpg,M
139635.jpg,M
152672.jpg,M
155013.jpg,M
164798.jpg,M
16525.jpg,N
167403.jpg,M
170538.jpg,M
174668.jpg,M
178619.jpg,M
190156.jpg,M
194901.jpg,M
195028.jpg,M
196215.jpg,M
197238.jpg,M
198988.jpg,M
200593.jpg,N
203229.jpg,M
207376.jpg,M
210817.jpg,M
212307.jpg,M
214624.jpg,M
216398.jpg,M
216695.jpg,M
217330.jpg,N
217846.jpg,M
218256.jpg,N
219547.jpg,N
220212.jpg,M
225258.jpg,M
226110.jpg,N
228319.jpg,N
235126.jpg,N
236237.jpg,M
237378.jpg,N
252922.jpg,M
268518.jpg,N
270957.jpg,N
271159.jpg,M
273397.jpg,M
274499.jpg,M
276366.jpg,M
284372.jpg,N
28575.jpg,N
291422.jpg,M
294184.jpg,M
294850.jpg,M
298026.jpg,M
298543.jpg,M
298831.jpg,M
303789.jpg,M
304864.jpg,M
305887.jpg,M
308127.jpg,M
308392.jpg,M
309592.jpg,M
318781.jpg,M
329500.jpg,M
331294.jpg,M
331515.jpg,M
336836.jpg,N
337780.jpg,M
340808.jpg,M
340814.jpg,M
342202.jpg,M
345150.jpg,M
349806.jpg,M
352206.jpg,M
352249.jpg,M
355191.jpg,M
356428.jpg,M
359881.jpg,M
362174.jpg,M
362813.jpg,M
366888.jpg,M
370546.jpg,M
375889.jpg,M
386890.jpg,M
387209.jpg,M
387334.jpg,M
387882.jpg,M
394596.jpg,M
395460.jpg,M
400432.jpg,M
403641.jpg,M
404490.jpg,M
415355.jpg,M
416035.jpg,M
419505.jpg,M
420762.jpg,M
421496.jpg,M
423440.jpg,M
424039.jpg,M
424259.jpg,M
425723.jpg,M
431652.jpg,M
43205.jpg,N
441094.jpg,M
442637.jpg,M
446242.jpg,M
446490.jpg,M
446536.jpg,M
45227.jpg,M
455927.jpg,M
456442.jpg,M
461642.jpg,M
463190.jpg,M
463876.jpg,M
464629.jpg,N
470263.jpg,M
475622.jpg,M
486200.jpg,M
486959.jpg,M
492430.jpg,M
495687.jpg,M
497105.jpg,M
497757.jpg,M
498251.jpg,M
49902.jpg,N
509941.jpg,M
512445.jpg,M
516681.jpg,N
526218.jpg,M
52930.jpg,M
531933.jpg,M
537454.jpg,M
539176.jpg,M
541376.jpg,M
544728.jpg,M
545473.jpg,M
553136.jpg,M
557410.jpg,M
560397.jpg,M
566861.jpg,M
570558.jpg,N
571086.jpg,N
571247.jpg,M
571295.jpg,M
572836.jpg,M
572961.jpg,M
578096.jpg,N
582259.jpg,M
584877.jpg,N
588454.jpg,M
593311.jpg,M
598284.jpg,N
600723.jpg,N
602276.jpg,M
60265.jpg,M
603503.jpg,M
607714.jpg,N
609055.jpg,M
609103.jpg,M
61403.jpg,M
616526.jpg,M
618485.jpg,M
620746.jpg,N
624980.jpg,M
626442.jpg,M
633229.jpg,M
634570.jpg,M
63646.jpg,M
638762.jpg,M
639591.jpg,M
652614.jpg,M
6567.jpg,M
658912.jpg,M
661713.jpg,M
670649.jpg,M
671671.jpg,M
676791.jpg,M
676858.jpg,M
676869.jpg,M
679471.jpg,M
68469.jpg,M
689405.jpg,N
691670.jpg,M
693755.jpg,M
694569.jpg,M
69974.jpg,N
701236.jpg,M
704542.jpg,M
706853.jpg,N
707783.jpg,M
713783.jpg,M
714264.jpg,M
714528.jpg,M
721507.jpg,M
722111.jpg,M
72315.jpg,M
724337.jpg,M
725448.jpg,M
725946.jpg,M
73356.jpg,M
734353.jpg,M
736535.jpg,M
73988.jpg,M
74201.jpg,N
745384.jpg,M
746149.jpg,M
746976.jpg,M
74766.jpg,M
747749.jpg,M
747928.jpg,M
750016.jpg,M
751590.jpg,M
754008.jpg,M
756202.jpg,M
757503.jpg,M
760062.jpg,M
763063.jpg,M
769043.jpg,M
769835.jpg,M
773058.jpg,M
776661.jpg,M
785490.jpg,N
786772.jpg,N
787963.jpg,N
789135.jpg,M
800785.jpg,M
80098.jpg,M
801375.jpg,M
804025.jpg,M
808246.jpg,M
808631.jpg,M
810444.jpg,M
81121.jpg,N
821442.jpg,M
825533.jpg,M
826911.jpg,M
827188.jpg,N
827291.jpg,N
836394.jpg,N
839942.jpg,M
840601.jpg,M
840683.jpg,M
846650.jpg,M
847528.jpg,M
848634.jpg,N
854160.jpg,M
85920.jpg,M
861740.jpg,M
865457.jpg,M
866098.jpg,M
867585.jpg,M
868570.jpg,M
873191.jpg,M
874226.jpg,M
875935.jpg,M
876564.jpg,M
876960.jpg,M
880371.jpg,M
881968.jpg,M
882651.jpg,M
882749.jpg,M
890407.jpg,N
891036.jpg,M
893419.jpg,M
89614.jpg,N
915640.jpg,N
919214.jpg,N
925395.jpg,M
929625.jpg,M
930086.jpg,M
933786.jpg,M
936679.jpg,M
937066.jpg,M
937397.jpg,M
937882.jpg,M
944958.jpg,M
952112.jpg,M
953469.jpg,M
957760.jpg,M
958511.jpg,N
95952.jpg,M
959807.jpg,M
963502.jpg,N
964512.jpg,M
965687.jpg,M
967512.jpg,M
982273.jpg,M
982661.jpg,M
98599.jpg,M
986712.jpg,M
987998.jpg,M
98830.jpg,N
989981.jpg,M
990638.jpg,M
